Year,Month,Category,Region,Units_Sold,Revenue,Profit,Customer_Rating,Ad_Spend,profit_margin
2020,April,Home Decor,North,485,94360.58,25442.39,1.5,174.51,0.2696294363599715
2021,October,Fashion,South,95,14081.4,3457.23,3.5,3975.18,0.2455174911585496
2022,February,Groceries,East,182,13700.5,3985.61,3.4,1929.31,0.29090982080945954
2020,April,Fashion,South,419,81856.23,20726.68,2.8,3706.92,0.25320833857117536
2020,September,Beauty Products,North,469,51810.41,5624.12,2.9,2362.07,0.10855193000788836
2021,March,Home Decor,North,127,13621.99,1581.6,2.8,3412.09,0.11610638386902354
2020,December,Home Decor,North,190,6439.93,1767.44,2.3,799.25,0.27445018812316285
2021,September,Groceries,North,124,5850.86,1739.79,1.6,560.17,0.29735628608443887
2022,December,Books,East,93,2786.24,756.29,1.9,1089.83,0.27143749282186747
2023,February,Books,West,43,7338.19,1452.8,2.2,2668.78,0.1979779754953197
2021,April,Fashion,West,354,6720.94,1747.56,1.4,1422.65,0.2600171999750035
2023,July,Fashion,South,409,4092.73,1218.1,4.6,1329.19,0.29762530144915494
2022,January,Electronics,East,256,5863.97,1574.05,2.2,3327.72,0.2684273623500802
2024,September,Home Decor,North,287,26345.19,6822.97,1.9,4403.11,0.25898351843353573
2022,August,Fashion,West,283,28070.84,5373.32,3.8,4175.27,0.1914199931316626
2023,September,Home Decor,West,384,38287.41,6894.6,4.1,4825.21,0.180074860117203
2023,September,Groceries,West,220,21045.26,6102.27,1.1,3036.6,0.28995935426789693
2023,September,Electronics,West,49,6759.51,696.32,4.2,2979.79,0.10301338410624439
2024,January,Books,North,113,13522.83,2033.34,1.1,2527.13,0.15036349639831306
2020,February,Home Decor,South,347,46203.45,7359.0,4.3,4540.45,0.15927382046145905
2021,June,Fashion,West,400,22018.29,4825.24,4.9,3201.09,0.2191469001452883
2024,December,Electronics,South,346,41810.49,9999.55,3.9,404.29,0.23916366442966824
2024,June,Electronics,West,111,21734.43,4356.58,1.1,318.91,0.2004460204385392
2020,June,Electronics,East,226,29221.25,7266.31,2.3,4317.71,0.24866526928177268
2021,October,Fashion,West,31,2753.46,361.86,1.5,947.41,0.13142010415985705
2024,December,Books,North,313,51145.35,7860.27,4.0,2856.29,0.1536849391000355
2024,January,Groceries,South,199,4415.14,1166.15,3.2,2962.36,0.2641252599011583
2022,May,Groceries,South,104,9469.76,2598.29,4.4,489.83,0.2743775977427094
2022,November,Groceries,South,493,64152.93,17643.91,3.6,1781.54,0.2750289035902179
2023,July,Beauty Products,West,451,85527.43,24716.61,4.7,792.19,0.28899044435218035
2021,October,Groceries,South,113,19979.99,4489.14,5.0,281.05,0.2246817941350321
2024,December,Groceries,East,260,8203.08,2323.19,3.3,1784.33,0.28320947741579994
2023,April,Groceries,East,379,6301.48,695.66,4.2,3461.11,0.11039628785618617
2020,February,Beauty Products,North,109,8281.69,1947.11,1.7,2195.26,0.23511022508690857
2024,September,Beauty Products,West,497,75536.06,9936.01,4.6,2755.04,0.13153995588332248
2022,June,Beauty Products,North,119,11328.09,1236.26,2.3,1831.44,0.10913225442241366
2024,June,Beauty Products,South,135,25747.65,4005.03,2.6,687.07,0.15554934139620508
2023,February,Home Decor,North,485,70031.97,16859.47,4.5,3807.15,0.24073962220397344
2021,July,Electronics,West,384,15346.9,4457.36,4.1,3220.82,0.2904404146765796
2020,June,Home Decor,North,273,28686.07,6312.85,3.0,4811.97,0.22006674319626218
2023,February,Electronics,South,75,4110.48,1199.2,3.4,378.87,0.29174208364959814
2022,June,Electronics,South,111,3250.98,798.13,1.0,2175.39,0.24550443250958173
2020,March,Home Decor,East,342,11131.22,2349.0,4.8,2606.19,0.21102808137832152
2023,June,Electronics,North,254,11575.18,2697.98,3.4,4037.86,0.23308320043403213
2022,June,Home Decor,West,245,26227.84,3440.56,5.0,2238.59,0.1311796930284766
2020,April,Fashion,West,366,68801.06,9363.4,2.9,3475.15,0.13609383343803133
2022,October,Electronics,North,484,82115.5,22629.41,4.0,1814.61,0.27558024977014084
2023,September,Groceries,East,110,15483.49,3905.42,2.9,494.47,0.2522312476063213
2022,November,Fashion,West,66,4752.79,631.91,2.3,4472.69,0.1329555902953844
2020,August,Books,East,107,19099.15,4746.81,4.4,4777.28,0.2485351442341675
2021,March,Home Decor,East,458,42497.96,12590.67,4.0,2995.7,0.29626527955694815
2024,August,Electronics,West,387,23224.58,6461.36,1.5,965.96,0.2782121355908266
2021,October,Books,South,195,32072.6,3722.84,4.5,1902.23,0.11607540392733985
2023,January,Electronics,East,267,11898.21,2393.68,1.6,1717.5,0.2011798413374785
2021,October,Electronics,West,140,8799.09,939.77,4.5,3962.33,0.10680308986497467
2023,March,Books,East,380,15520.9,2343.03,4.6,2837.74,0.1509596737302605
2020,May,Books,East,418,30818.5,7804.1,3.4,4735.28,0.25322776903483296
2022,July,Home Decor,South,287,22985.16,3197.43,4.2,1430.33,0.13910845084393583
2024,April,Books,East,412,58443.22,13427.77,3.9,168.07,0.22975753218251835
2022,May,Books,West,193,12166.75,2147.91,4.7,2561.18,0.17653933877165223
2022,February,Electronics,West,414,43669.63,10642.53,2.5,1820.03,0.24370552257942193
2024,April,Groceries,South,118,1745.05,501.08,1.1,4307.14,0.28714363485286953
2023,May,Books,South,165,8454.1,1063.72,1.7,3481.41,0.12582297346849458
2022,May,Home Decor,West,283,45590.05,11133.52,2.5,4748.34,0.24420942727634648
2020,May,Beauty Products,West,74,12742.1,1693.6,3.5,3651.92,0.13291372693669018
2023,October,Books,South,421,15004.2,1526.95,2.3,2067.17,0.10176817157862465
2020,July,Books,South,396,8209.28,1885.27,1.5,4442.9,0.22965107780463084
2020,June,Books,East,362,6215.24,934.69,3.7,4781.89,0.15038679117781456
2023,December,Groceries,South,259,50664.3,5372.72,3.6,3165.37,0.10604547975596229
2022,October,Beauty Products,East,143,16135.12,3384.27,2.9,2527.88,0.20974557363068883
2023,August,Home Decor,North,405,49936.89,14839.11,5.0,1399.76,0.297157271908603
2024,February,Beauty Products,West,279,48068.4,10918.53,4.7,746.67,0.22714569238834662
2020,August,Home Decor,East,189,3852.16,1153.67,3.0,2571.28,0.299486521847483
2020,April,Fashion,West,31,2914.84,690.76,3.2,1657.21,0.23698041745001439
2023,January,Fashion,North,304,5787.94,584.87,1.9,3706.7,0.10104976900244302
2024,August,Groceries,North,321,36545.15,4384.0,3.7,3886.92,0.1199611986816308
2021,April,Beauty Products,South,255,21022.47,3076.34,4.0,1335.65,0.1463358016446212
2024,June,Beauty Products,North,298,26404.43,7656.52,1.6,1228.37,0.28997103895066095
2023,June,Books,North,122,11240.79,3250.72,3.2,1713.08,0.28918963880652515
2020,February,Home Decor,North,405,14349.38,4025.07,4.8,2386.02,0.2805048022980784
2023,August,Fashion,South,397,40691.84,10320.25,4.2,4962.0,0.2536196446265394
2022,October,Groceries,West,462,81627.53,11835.38,2.7,3275.56,0.14499250436709282
2022,December,Fashion,South,315,10497.75,2102.42,2.9,1629.43,0.20027339191731564
2021,November,Groceries,South,21,3528.46,906.84,3.2,3298.32,0.25700730630359986
2023,April,Beauty Products,South,51,2451.12,461.66,1.5,4565.34,0.1883465517804106
2024,November,Fashion,North,265,18820.91,2720.98,1.7,3054.29,0.14457218062250976
2024,November,Beauty Products,South,231,32945.77,6352.1,4.2,781.27,0.1928047212130723
2024,July,Beauty Products,East,248,37602.5,6115.26,4.2,1163.19,0.16262908051326375
2020,May,Home Decor,South,83,854.98,198.46,1.7,4833.42,0.23212238882780883
2021,January,Groceries,South,245,6293.52,1102.89,3.1,1591.39,0.17524215383442016
2021,January,Electronics,West,138,23239.39,3642.42,4.8,2488.49,0.15673475078304552
2020,May,Groceries,South,473,65076.8,11561.38,1.8,3233.73,0.1776574754751309
2024,October,Books,East,158,11420.89,2537.14,3.8,3845.88,0.22214906193825526
2020,July,Groceries,West,413,14029.37,2939.92,3.4,499.51,0.2095546699531055
2020,February,Electronics,East,380,44422.58,7868.14,1.8,2693.3,0.17712028432387314
2022,January,Fashion,South,278,34619.07,9435.57,2.4,3777.46,0.2725541154051799
2020,October,Books,West,490,19828.0,4405.5,3.5,4337.39,0.22218579786160986
2024,December,Home Decor,South,414,25215.07,2611.03,4.9,2763.49,0.10355037681830748
2023,March,Beauty Products,South,421,82039.39,24417.67,4.4,2176.89,0.29763349044891724
2021,November,Electronics,West,464,84429.15,18727.85,1.3,1529.97,0.2218173462601483
2023,June,Groceries,West,314,54938.78,16368.36,5.0,2064.17,0.29793817773164966
2024,March,Fashion,West,114,19720.84,5700.75,4.2,1041.68,0.2890723721707595
2023,July,Home Decor,East,258,13146.68,3391.75,1.2,778.92,0.2579928925021374
2021,August,Beauty Products,South,374,37676.53,9829.44,4.2,1159.79,0.26089026776085805
2022,March,Home Decor,North,51,2595.4,606.63,4.5,2834.09,0.23373275795638437
2024,September,Home Decor,North,167,27997.27,5460.08,1.0,2441.15,0.19502187177535524
2022,December,Electronics,North,133,10557.19,2689.03,2.4,3229.38,0.25471077057436686
2023,February,Books,North,122,9396.1,1658.88,3.8,2787.23,0.17654984514851907
2022,September,Books,West,473,74224.57,16692.45,3.7,3278.21,0.2248911647450433
2020,December,Fashion,West,332,44296.7,12934.97,4.7,4422.17,0.29200753103504323
2024,May,Home Decor,South,287,9377.13,1958.42,1.4,3843.13,0.20885068245827884
2021,October,Fashion,North,184,31343.68,7961.39,3.1,3691.34,0.25400303984726746
2020,January,Fashion,West,361,29919.66,3814.91,3.1,109.77,0.1275051253924677
2021,January,Books,South,114,22316.68,4067.53,1.3,1292.84,0.18226411813943652
2021,December,Books,South,346,20676.75,3895.74,3.8,3904.38,0.18841162174906598
2021,May,Fashion,South,173,11360.73,3176.79,1.9,778.28,0.27962903792273913
2022,January,Beauty Products,East,20,2643.26,274.77,2.2,1091.3,0.10395118149557742
2023,May,Beauty Products,North,113,2446.3,329.88,4.5,4848.87,0.13484854678494052
2020,June,Books,West,480,36762.29,8377.84,1.9,4677.81,0.22789222325377445
2024,August,Books,South,75,3512.1,796.24,4.0,194.32,0.22671336237578657
2022,November,Electronics,South,500,89332.68,18897.51,2.5,4444.79,0.21154083813448785
2022,January,Fashion,East,237,44517.46,6894.05,4.6,577.21,0.1548617104390053
2023,December,Electronics,East,410,53242.47,7170.79,1.3,2102.43,0.1346817681448663
2020,August,Groceries,West,325,35704.8,10539.89,1.1,691.61,0.29519532387802194
2023,October,Fashion,North,214,4311.33,1055.13,2.9,709.42,0.24473422354586638
2024,November,Books,West,255,44055.87,8792.71,3.3,3780.91,0.19958089580344227
2020,September,Home Decor,East,169,33006.0,7902.42,2.9,1020.17,0.2394237411379749
2023,May,Books,East,102,5332.2,619.75,4.8,3014.68,0.11622782341247516
2023,June,Fashion,North,451,17447.53,5142.81,3.3,3950.4,0.2947586277255291
2023,January,Electronics,South,251,4963.63,1304.86,3.0,4581.32,0.2628842198149338
2022,July,Home Decor,North,307,52303.78,15054.26,4.0,3291.99,0.28782355692074263
2021,December,Beauty Products,North,463,25706.33,3014.58,2.0,4670.78,0.1172699486857906
2021,October,Electronics,West,348,65915.18,18923.91,4.2,1816.33,0.28709486949743596
2021,July,Fashion,East,488,21750.38,4932.91,3.3,3202.98,0.22679649734855206
2021,February,Fashion,East,167,2311.3,388.79,4.3,4181.54,0.16821269415480464
2022,February,Groceries,North,203,16775.31,4367.64,1.1,1262.81,0.260361209420273
2022,October,Fashion,East,117,2134.79,540.23,2.8,1597.4,0.2530600199551244
2022,February,Electronics,East,418,7987.81,2119.95,4.5,4924.35,0.2653981504317203
2020,March,Fashion,West,304,19273.66,5703.56,3.1,905.14,0.2959251123035272
2022,December,Home Decor,North,430,21959.75,4944.86,4.0,2574.28,0.2251783376404558
2021,December,Fashion,North,366,25479.55,3011.82,1.4,2632.04,0.1182053843180119
2023,March,Books,South,262,44301.13,5227.03,3.8,1657.79,0.1179886382130659
2022,February,Books,West,113,2983.23,712.92,4.8,3456.65,0.23897587514204402
2023,December,Beauty Products,West,438,21905.68,3190.18,4.8,209.17,0.14563254827058553
2024,September,Books,South,444,28394.21,4828.43,4.9,4242.64,0.1700498094505887
2020,September,Home Decor,South,390,25445.3,4843.45,2.2,3907.03,0.19034752979921635
2023,October,Fashion,East,202,21329.33,3089.64,3.8,4733.43,0.14485405776927826
2023,October,Home Decor,West,360,37178.19,10667.69,3.1,2687.15,0.2869340868934179
2021,August,Electronics,West,362,32858.38,6872.42,4.8,2545.06,0.20915273364055076
2021,June,Electronics,East,189,5304.37,1294.08,2.5,3721.49,0.2439648817861499
2024,November,Books,East,222,23679.42,6164.07,4.5,1100.31,0.2603133860542192
2023,October,Fashion,East,184,19112.7,2968.29,4.4,4474.94,0.1553045880487843
2021,August,Electronics,West,128,6833.33,711.73,3.9,3246.39,0.10415566056373686
2020,October,Books,East,273,49439.23,7642.91,1.1,4114.54,0.15459201124289354
2020,October,Electronics,West,25,1945.22,255.09,4.0,3724.71,0.1311368379926178
2024,April,Books,North,437,52817.98,6525.69,5.0,1023.87,0.12355054093322007
2024,June,Beauty Products,West,312,26921.52,5146.11,4.8,827.82,0.19115228263485864
2024,December,Home Decor,West,427,14458.98,2634.62,5.0,955.68,0.18221340647818865
2024,March,Fashion,South,395,70597.5,17380.29,3.0,4468.45,0.2461884627642622
2023,May,Electronics,South,419,37197.13,5700.74,2.7,3559.13,0.15325752282501365
2022,July,Beauty Products,North,431,78510.09,8257.7,2.0,1527.9,0.10518011124429995
2020,July,Beauty Products,North,414,41769.15,5232.91,3.7,787.35,0.12528169713772006
2020,May,Electronics,North,327,9985.95,2510.3,3.2,1534.12,0.25138319338670834
2020,March,Books,West,21,2275.69,348.81,2.0,4691.55,0.15327658863905014
2021,August,Electronics,West,95,7766.03,1282.22,1.8,2428.75,0.16510623832254062
2020,September,Groceries,North,242,38926.25,10713.2,3.6,2777.24,0.27521787996531905
2022,March,Fashion,East,25,933.0,251.73,4.1,3484.37,0.26980707395498393
2020,August,Books,East,231,37405.98,3855.14,4.4,1387.21,0.10306213070744302
2020,January,Home Decor,East,301,29655.09,8341.07,3.7,173.97,0.2812694212022287
2024,May,Beauty Products,East,306,54894.11,8364.91,3.3,2581.51,0.1523826508891391
2020,June,Books,South,340,29961.6,7324.05,3.4,4580.69,0.2444478933034284
2022,November,Home Decor,North,406,12147.74,3287.65,1.9,3846.78,0.27063881841396015
2022,October,Beauty Products,East,355,25804.81,4028.47,2.5,2905.9,0.1561131432473248
2023,February,Beauty Products,North,410,71893.66,8339.7,1.1,3829.57,0.1160004929502824
2024,August,Beauty Products,East,155,23581.28,5678.5,3.5,3149.89,0.24080541853538062
2022,February,Beauty Products,East,457,64973.73,9919.91,1.0,1662.99,0.15267570447317708
2022,February,Fashion,West,178,17888.56,3826.26,1.7,1921.58,0.21389424302459226
2024,September,Beauty Products,West,129,8789.14,2024.68,2.4,508.28,0.23036155983406797
2022,January,Home Decor,South,234,46710.36,6425.61,4.5,2573.63,0.13756284473080488
2022,December,Home Decor,East,272,7615.51,2207.88,2.7,3178.15,0.28991886295205443
2023,June,Beauty Products,North,489,86014.73,16815.52,4.3,1047.71,0.19549581798373372
2024,October,Beauty Products,North,31,3141.03,924.0,3.8,370.78,0.2941710203340942
2022,July,Groceries,North,214,33906.5,6253.46,1.5,4782.76,0.18443248344712665
2023,January,Groceries,West,268,19385.48,4265.51,4.3,3826.37,0.22003633647451598
2023,March,Beauty Products,East,306,58456.05,6664.7,2.0,1841.29,0.11401215100917697
2022,January,Books,South,329,3434.77,492.22,3.0,2166.16,0.14330508301865919
2021,December,Groceries,North,395,24704.7,6324.87,4.9,1417.26,0.25601889518998405
2020,January,Groceries,South,107,3058.58,519.64,4.8,2749.84,0.1698958340144773
2020,May,Electronics,North,222,3860.75,416.61,4.0,4291.33,0.10790908502234023
2023,September,Books,West,374,64907.32,17567.4,1.7,3654.43,0.2706536027061355
2020,June,Electronics,North,199,13198.06,3600.34,4.8,4662.98,0.272793122625598
2021,May,Electronics,North,480,26144.29,6747.7,2.3,1821.29,0.2580945973289005
2020,February,Beauty Products,North,119,16501.11,3231.92,1.2,4869.35,0.19586076330622607
2024,May,Fashion,East,387,34229.14,6034.1,1.0,1517.75,0.17628546904771783
2022,May,Electronics,South,412,78002.3,16608.92,4.5,3892.25,0.21292859313122814
2021,July,Groceries,North,127,4790.3,1414.03,2.9,4143.31,0.29518610525436817
2022,November,Beauty Products,South,219,22942.27,4269.15,3.7,1286.76,0.18608228392395346
2021,June,Electronics,South,105,12090.46,3252.92,4.9,4067.43,0.26904848947021043
2021,May,Fashion,South,368,34167.55,7351.49,2.2,437.95,0.2151599983024829
2023,January,Beauty Products,East,390,30713.03,5994.18,3.7,3146.52,0.19516732800378211
2021,December,Groceries,South,180,2516.96,554.15,1.6,2319.61,0.22016639120208503
2021,October,Home Decor,South,86,2898.24,494.41,3.9,2977.53,0.17058973721982998
2024,December,Beauty Products,West,495,37800.48,6286.45,2.7,3873.73,0.1663060892348457
2024,September,Electronics,East,291,48549.42,10294.12,3.5,2935.05,0.21203384098100453
2021,November,Home Decor,East,96,5139.83,1153.33,1.0,4628.17,0.22439068996445408
2021,January,Home Decor,East,293,14133.52,4016.14,4.0,1071.21,0.2841570960383542
2021,February,Electronics,North,248,15551.01,2073.49,5.0,141.23,0.13333474803244288
2023,January,Books,South,315,7911.59,969.8,2.6,1146.51,0.12257965845045053
2021,February,Groceries,North,492,42555.97,10380.68,2.3,3173.16,0.2439300525872163
2023,October,Beauty Products,West,296,27362.12,6306.95,4.9,2099.66,0.23049931803529844
2022,November,Fashion,West,353,32060.68,7917.33,3.8,1349.23,0.24694828681113437
2022,June,Home Decor,East,193,23024.83,2640.67,1.4,4543.83,0.11468792603463304
2023,June,Books,East,56,8760.19,1202.31,3.1,3111.17,0.13724702318100404
2020,October,Fashion,East,121,17764.45,5051.5,1.8,2727.32,0.2843600561796171
2020,May,Books,South,395,21198.25,4097.84,2.9,2522.05,0.1933102968405411
2021,May,Books,North,476,37351.7,9768.68,2.3,3225.18,0.26153240682485673
2024,September,Home Decor,West,275,5659.33,1497.88,3.5,1747.04,0.2646744402605962
2023,January,Home Decor,East,238,25748.8,6872.49,2.4,2999.72,0.26690525383707203
2020,July,Electronics,North,89,6086.62,1360.61,1.1,1461.96,0.22354114434612313
2020,October,Books,East,207,8748.15,2239.34,1.2,4906.31,0.25597869263787204
2020,June,Books,North,349,12673.57,2004.26,4.5,1676.42,0.15814486368087288
2022,May,Electronics,East,356,32910.16,4450.76,1.7,798.25,0.13523969497565494
2023,January,Beauty Products,East,491,39011.1,5313.82,2.8,1327.13,0.13621302654885403
2024,January,Electronics,East,365,63595.05,18050.89,2.6,2763.69,0.28384111656488986
2022,April,Groceries,South,94,14801.45,3375.07,4.5,3583.41,0.22802293018589395
2022,February,Electronics,North,25,2970.62,534.34,1.8,3499.88,0.17987490826830765
2022,October,Home Decor,East,245,10233.72,2996.33,4.0,1368.29,0.2927899141270232
2024,February,Fashion,South,232,33490.4,5920.4,3.4,3085.79,0.17677901727062081
2020,June,Books,West,79,1787.93,326.6,3.9,4481.9,0.18266934387811604
2021,February,Beauty Products,East,140,21201.23,3061.95,1.6,2352.95,0.1444232245015973
2023,April,Books,North,167,14895.52,3001.56,4.4,2892.83,0.2015075673759627
2020,July,Beauty Products,East,350,9235.13,2522.93,4.1,1468.95,0.2731883579332397
2021,December,Home Decor,North,94,18254.78,4490.09,4.0,797.18,0.24596790539245067
2024,January,Beauty Products,West,465,55297.96,15440.84,3.6,3381.77,0.2792298305398608
2021,June,Beauty Products,West,177,13382.93,2921.26,5.0,3485.23,0.2182825435087832
2020,March,Groceries,East,311,15075.75,1744.63,2.8,1177.68,0.11572425915791919
2020,November,Electronics,West,111,5467.11,994.32,1.5,1686.54,0.1818730554168473
2020,July,Electronics,North,286,33330.14,4046.05,3.0,1862.64,0.12139312946180245
2023,July,Groceries,South,370,19596.98,3683.75,2.1,880.06,0.18797539212674608
2020,February,Beauty Products,South,74,12119.3,2196.32,3.8,1047.26,0.18122498824189517
2022,May,Electronics,West,289,34156.36,8903.58,4.7,369.12,0.2606712190643265
2022,March,Electronics,South,322,8181.32,2010.57,1.5,1637.23,0.24575129685674194
2023,June,Groceries,East,292,13557.76,2382.17,1.5,3482.23,0.1757052787481118
2024,March,Beauty Products,East,183,4543.44,1062.85,2.1,1297.71,0.2339306780765235
2024,August,Home Decor,North,483,20839.53,3690.84,1.3,1183.86,0.17710764110323027
2022,April,Home Decor,South,313,42430.45,7254.29,3.7,4986.12,0.17096896214864563
2024,March,Beauty Products,South,496,80914.5,17192.41,1.9,2134.26,0.21247625580087623
2021,November,Home Decor,East,249,8773.1,2479.26,4.4,3563.94,0.28259794143461264
2024,March,Home Decor,East,447,58060.52,8554.9,2.6,2205.63,0.1473445294668391
2020,September,Home Decor,South,215,22083.5,3693.03,3.2,2723.22,0.16723028505445242
2023,April,Electronics,North,267,8789.5,2014.58,1.4,122.16,0.2292030263382445
2021,December,Books,West,315,8721.86,897.66,1.8,4434.2,0.1029207072803278
2022,January,Electronics,South,495,37159.56,3867.02,2.2,2204.43,0.10406527956735764
2023,April,Groceries,East,249,38364.43,6255.69,1.8,4775.26,0.1630596362307481
2024,December,Beauty Products,South,298,19371.61,4780.94,1.4,908.76,0.24680137582782224
2021,March,Electronics,North,287,41224.3,6748.27,3.0,4420.65,0.1636964120676397
2024,January,Electronics,West,261,40254.98,9717.07,2.7,995.87,0.24138802205342044
2024,July,Beauty Products,South,370,33310.85,7672.16,3.3,558.46,0.23032015094181027
2020,November,Groceries,East,128,18290.58,3081.96,4.2,3641.48,0.16849985074284138
2021,July,Home Decor,South,494,50117.19,11744.58,3.2,4505.12,0.23434234840381113
2024,April,Fashion,North,341,59087.43,16956.2,2.9,1811.03,0.286967972714332
2022,November,Electronics,East,278,16344.12,4371.55,3.0,3769.88,0.2674692794717611
2021,October,Books,East,31,1601.94,207.52,2.4,4311.39,0.129542929198347
2022,December,Beauty Products,East,258,15735.5,1799.61,2.9,1608.81,0.11436624193702138
2021,March,Groceries,North,313,50907.49,7407.87,2.9,4405.94,0.14551630811104613
2024,October,Home Decor,East,431,46604.71,11345.24,1.2,2198.77,0.24343548109193255
2023,March,Groceries,North,411,10133.71,1887.54,4.2,505.95,0.18626347112755348
2022,April,Beauty Products,East,490,58241.49,14127.38,3.6,4617.42,0.24256556623122108
2024,March,Fashion,North,333,27829.77,7319.1,2.9,3333.28,0.2629953463503292
2023,June,Groceries,North,310,4899.14,1078.96,2.8,1721.55,0.22023457178198622
2022,November,Books,East,136,7479.35,1966.21,3.4,2759.06,0.2628851437624927
2021,August,Groceries,North,53,7839.58,1435.99,2.8,4282.28,0.1831718025710561
2023,July,Fashion,East,184,6830.32,936.95,3.0,1808.02,0.13717512503074528
2020,March,Electronics,North,460,85785.88,15775.93,3.4,3673.24,0.18389891203540723
2022,February,Groceries,South,125,17018.65,4133.45,3.3,162.98,0.242877666559921
2021,June,Beauty Products,East,491,76062.28,7883.42,2.0,1530.72,0.10364427676898458
2021,April,Books,North,461,57179.45,11124.09,1.5,862.63,0.1945469919700172
2021,October,Groceries,South,376,6064.52,1806.24,1.8,1835.94,0.29783725669962335
2021,October,Home Decor,East,473,42511.07,9221.43,1.9,4431.39,0.21691832268630265
2022,May,Home Decor,North,421,77529.47,13579.42,4.5,909.54,0.1751517197267052
2021,March,Groceries,East,334,64049.34,17703.98,1.3,2720.33,0.27641159143872523
2022,December,Home Decor,North,185,9672.79,1843.87,1.6,2116.66,0.1906244217025284
2023,March,Groceries,West,474,6198.74,1483.6,1.9,1781.35,0.23933896243430117
2022,February,Electronics,South,309,61677.0,18207.47,4.7,4692.01,0.2952068031843313
2022,August,Groceries,South,363,58875.6,9922.88,4.7,2218.95,0.16853976859683806
2024,December,Electronics,South,255,28441.25,3212.17,1.1,4977.04,0.11294053531402452
2023,July,Fashion,North,239,20314.77,2700.94,4.5,3367.16,0.13295449566989928
2023,July,Books,North,287,28801.89,7396.51,2.6,3219.1,0.25680641096816914
2022,October,Home Decor,West,491,75769.41,15707.33,5.0,892.4,0.2073043725693522
2021,June,Groceries,East,116,7947.81,1684.58,3.2,4291.21,0.2119552430166297
2024,June,Books,South,95,10451.63,2582.49,1.9,2642.15,0.2470896884026702
2020,October,Home Decor,East,377,27268.75,2972.57,4.4,1381.79,0.10901013064405227
2023,August,Beauty Products,East,96,7169.38,1077.65,3.0,3437.09,0.15031285829458058
2022,August,Home Decor,East,464,84601.34,10343.47,4.3,921.41,0.12226130224414884
2021,July,Electronics,West,166,16248.24,2798.94,3.0,3008.02,0.17226111874270691
2021,March,Beauty Products,South,382,46715.43,12158.64,3.0,2802.13,0.2602703218187224
2020,March,Fashion,South,94,17489.75,2108.63,3.9,3908.09,0.12056375877299562
2021,March,Fashion,East,127,4574.86,879.49,1.2,923.32,0.19224413424673106
2020,May,Fashion,East,67,3255.03,899.4,1.6,3416.98,0.27631081741182106
2023,October,Electronics,South,408,48654.18,13247.05,2.2,2786.95,0.2722695151783464
2022,July,Books,West,442,55922.74,8973.6,1.6,4625.6,0.1604642404860706
2024,January,Home Decor,South,166,28597.85,6147.26,3.4,3705.3,0.21495532006776735
2022,February,Groceries,West,431,35405.6,9967.06,4.1,2003.87,0.2815108344442687
2024,January,Fashion,North,439,33156.36,5139.18,2.7,2709.44,0.1549983170649613
2020,February,Home Decor,North,145,7289.84,1497.54,2.7,1202.25,0.2054283770288511
2022,December,Home Decor,South,262,34387.11,6799.45,2.4,4865.27,0.19773252244809172
2023,August,Home Decor,South,393,7129.88,1250.63,4.9,4903.8,0.17540687921816356
2024,October,Beauty Products,East,347,54346.04,15833.43,4.9,4158.42,0.29134468675178543
2021,January,Home Decor,West,346,61496.63,16532.83,1.3,1440.35,0.2688412356904761
2023,July,Books,North,341,45700.54,6384.21,3.5,4032.97,0.13969659877104296
2023,January,Electronics,South,410,32971.59,8031.37,2.4,3256.08,0.24358455264062184
2023,May,Groceries,South,451,46428.31,11223.41,1.8,2216.92,0.24173634577696237
2020,September,Fashion,North,258,40954.84,4936.41,3.7,4086.49,0.1205330065994642
2024,January,Home Decor,West,174,31857.15,8644.47,2.9,4125.31,0.271351015392149
2021,January,Home Decor,East,411,76154.29,9481.56,4.0,1154.07,0.12450460768526632
2024,December,Fashion,East,257,19338.73,3505.99,4.8,2344.85,0.1812937043952731
2021,October,Fashion,South,30,5020.55,1038.1,4.4,323.59,0.20677017458246605
2022,November,Fashion,North,351,6929.13,987.63,4.6,4200.88,0.14253304527408203
2022,January,Groceries,East,156,2374.64,302.69,3.0,4221.34,0.12746774247885995
2021,August,Home Decor,North,404,6454.98,1726.14,2.6,4035.21,0.2674121376053838
2020,November,Electronics,East,166,31479.48,8344.08,3.2,2285.96,0.2650640988987112
2022,November,Books,East,314,6009.23,1116.01,2.2,2085.31,0.18571597359395464
2021,October,Fashion,South,291,46907.26,10608.9,1.0,4936.03,0.2261675484775704
2023,April,Fashion,West,154,29180.46,8014.96,3.4,1233.36,0.2746687338033739
2023,September,Electronics,North,340,67807.95,7429.01,2.4,4640.67,0.10955957229203951
2021,July,Beauty Products,South,86,6139.38,864.26,4.5,830.2,0.14077317253533744
2022,November,Beauty Products,West,395,56527.6,10401.51,5.0,3774.62,0.18400763520828764
2023,February,Fashion,North,470,46191.6,8501.81,2.5,4577.54,0.18405532607660266
2023,July,Books,North,230,42530.26,10078.69,3.9,4118.53,0.2369769194921451
2020,November,Fashion,South,123,22903.25,5612.31,4.0,2599.0,0.24504426227718776
2020,February,Home Decor,North,430,18582.49,3244.51,3.3,2889.91,0.1746003899369783
2023,February,Groceries,West,385,67505.47,16019.63,2.4,2194.97,0.23730862106433745
2021,January,Groceries,South,310,49009.75,8377.82,1.3,2963.38,0.17094190441697824
2020,April,Groceries,North,473,15540.9,1717.17,3.4,2920.95,0.11049360075671294
2022,May,Home Decor,North,476,39472.53,11055.96,3.5,2986.6,0.28009250990498963
2022,November,Beauty Products,North,157,30833.8,5850.46,2.1,2684.33,0.18974177688121477
2024,December,Groceries,East,473,31539.82,9055.59,1.5,683.02,0.2871160964139935
2024,February,Beauty Products,North,52,10272.62,1713.35,2.5,2190.21,0.16678802486610034
2022,January,Electronics,West,77,2323.33,242.55,2.1,1296.06,0.10439756728488851
2023,August,Books,South,483,49188.93,11848.91,3.3,2783.34,0.240885703348294
2020,June,Beauty Products,North,267,45090.29,11196.99,3.6,2725.99,0.24832375218700078
2020,February,Home Decor,East,96,10444.24,1410.09,2.2,614.54,0.13501125979487258
2024,April,Electronics,North,487,96923.93,9886.31,4.8,1971.44,0.1020007133429278
2022,October,Fashion,West,358,7575.83,1616.09,1.9,2541.28,0.21332184064320345
2022,August,Beauty Products,East,365,29331.79,4883.16,3.7,3607.06,0.16648012276100435
2020,October,Books,West,425,10315.46,2079.45,4.9,2888.36,0.20158577513751205
2022,December,Electronics,South,187,30831.65,5328.67,1.9,4594.86,0.1728311653771368
2021,February,Books,South,238,6989.37,1258.57,3.0,1015.04,0.18006916217055327
2022,February,Fashion,North,59,5504.2,873.91,4.4,963.1,0.15877148359434615
2021,November,Books,North,445,31505.39,4462.03,3.7,3093.02,0.14162751199080537
2023,May,Electronics,South,248,36330.08,9659.53,1.9,3556.22,0.2658824313076107
2021,April,Electronics,West,42,784.34,225.44,3.5,933.78,0.2874263712165642
2021,August,Electronics,North,218,30640.73,6696.27,3.1,129.85,0.21854146425362583
2023,March,Home Decor,South,284,50475.26,13388.38,3.3,1327.39,0.26524638010779933
2023,November,Beauty Products,East,329,4720.77,899.25,1.9,4558.26,0.19048799242496456
2022,May,Beauty Products,South,31,1401.07,320.63,1.0,1947.26,0.2288465244420336
2024,August,Fashion,West,49,5841.46,1611.52,4.8,4150.78,0.275876236420347
2024,January,Home Decor,East,143,15942.2,2308.78,1.4,821.38,0.14482191918304876
2024,March,Books,East,24,867.51,137.0,1.4,4667.43,0.15792325160516882
2024,January,Books,East,30,1503.62,283.99,2.7,1811.58,0.18887085832856707
2022,June,Books,West,158,22178.11,4168.86,1.4,4344.2,0.18797183348806545
2021,February,Groceries,South,202,33307.1,8848.59,4.3,722.85,0.2656667797556677
2020,March,Electronics,West,304,47264.3,6200.6,4.0,3692.51,0.13118992558865783
2022,June,Groceries,North,105,17655.11,2887.26,1.0,3410.38,0.16353678906560198
2024,May,Beauty Products,South,382,24527.86,4407.97,4.2,608.36,0.1797127837487657
2024,March,Beauty Products,East,272,39521.28,4231.27,3.1,4370.59,0.10706308095284364
2020,September,Books,West,126,7898.55,1276.69,4.7,2807.8,0.16163599648036664
2021,May,Groceries,North,130,4788.62,877.79,4.1,3604.52,0.18330750821739875
2022,June,Groceries,West,402,21652.4,4620.27,3.3,2079.77,0.2133837357521568
2021,November,Groceries,North,468,54968.94,15692.67,3.8,4997.66,0.28548249247666047
2022,February,Beauty Products,South,438,63491.39,14415.42,4.8,1306.39,0.22704527338273742
2022,March,Fashion,South,49,3046.82,696.84,2.2,3510.32,0.2287105900578308
2023,December,Home Decor,North,191,4932.33,1164.13,3.9,1865.42,0.23602029872291597
2022,January,Groceries,South,232,6895.34,972.17,4.1,1109.88,0.14098942184141752
2021,February,Electronics,North,279,15232.73,1858.64,2.8,618.61,0.12201621114534296
2020,December,Electronics,South,366,61805.38,10578.41,4.0,2908.9,0.171156782791401
2022,November,Books,North,300,39622.49,7207.59,4.9,1555.51,0.18190653843309698
2022,March,Home Decor,West,33,5065.44,703.75,2.2,4309.57,0.1389316624024764
2024,June,Electronics,East,452,61292.34,11340.08,3.8,3323.1,0.1850162679382122
2020,September,Beauty Products,East,206,3998.13,859.09,2.9,1789.95,0.21487295310557686
2020,October,Electronics,West,290,4132.72,770.06,2.8,4414.65,0.18633248804661334
2023,December,Fashion,North,25,4209.85,917.74,3.2,424.42,0.21799826597147165
2022,March,Beauty Products,East,162,30109.93,5025.47,2.0,4532.96,0.16690407450299619
2023,November,Home Decor,North,46,8158.18,1253.92,3.9,3355.16,0.15370094800556006
2021,June,Books,South,209,29899.65,5960.09,2.4,2835.51,0.19933644708215648
2022,January,Books,West,106,11149.71,1167.52,3.3,3153.93,0.10471303737944754
2022,March,Fashion,East,138,14532.36,1460.43,2.2,4253.85,0.10049503315359652
2024,February,Home Decor,West,169,12978.96,2616.61,2.8,4970.52,0.20160398059628817
2023,November,Fashion,East,320,47241.77,11337.87,4.9,4129.32,0.2399967232387779
2021,May,Groceries,South,398,66605.76,10303.88,2.6,1780.99,0.15469953349379995
2022,January,Groceries,East,317,25441.45,4314.01,3.3,4012.32,0.169566200039699
2021,March,Fashion,North,499,92812.3,19471.75,3.1,4595.53,0.2097970850846278
2020,March,Books,West,223,4105.51,912.58,1.8,3940.05,0.2222817628016982
2023,June,Beauty Products,West,248,36272.56,6513.93,1.8,3780.33,0.17958285822671466
2023,March,Home Decor,East,364,54965.17,5920.0,2.4,1968.01,0.10770457000314927
2022,January,Groceries,South,479,64664.48,14559.02,4.6,4560.0,0.22514709775753242
2023,September,Fashion,West,255,35465.5,8713.42,3.1,3993.74,0.24568721715469963
2022,June,Fashion,South,401,72782.52,10876.18,2.3,4454.0,0.14943395749418953
2023,April,Groceries,South,23,2314.65,623.3,2.0,565.91,0.269284773075843
2024,October,Electronics,South,20,2451.8,411.82,3.7,1969.64,0.1679663920385023
2022,February,Books,South,205,32223.32,6321.36,2.4,1787.28,0.19617345450437756
2022,December,Beauty Products,West,211,18799.81,5492.26,4.9,108.33,0.2921444418853169
2021,March,Beauty Products,North,403,26474.67,4651.79,2.8,3696.28,0.17570719483944466
2021,November,Groceries,East,229,21451.1,3841.53,1.5,3965.73,0.17908312394236195
2021,February,Fashion,North,215,12856.9,2731.21,1.4,3088.95,0.21243145703863295
2022,April,Groceries,North,452,54144.79,16093.77,4.6,1930.6,0.2972358005266989
2023,November,Electronics,West,47,4220.16,949.56,4.4,1140.37,0.22500568698817106
2023,October,Books,North,491,22657.6,2374.92,3.7,1627.26,0.10481780947673187
2021,January,Books,North,184,35211.81,8490.24,4.8,3104.81,0.24111910180135587
2024,July,Fashion,East,467,60934.47,18082.84,2.4,385.87,0.2967587967861212
2023,October,Home Decor,South,479,17088.17,2503.81,1.8,127.67,0.14652300392610795
2024,July,Home Decor,North,313,56742.16,15979.17,3.2,3568.74,0.28161018191764287
2020,February,Books,East,97,11757.49,2377.24,3.7,2448.01,0.20218941287638773
2022,December,Groceries,North,330,32182.86,3457.83,1.9,594.91,0.10744321666874851
2022,June,Home Decor,West,490,35054.23,4381.77,1.5,2249.91,0.1249997503867579
2021,January,Groceries,North,249,43115.71,12225.34,4.9,4553.15,0.28354722675331107
2020,September,Home Decor,East,414,47977.57,10738.87,4.2,2045.11,0.22383105271901016
2023,January,Books,North,244,16036.7,4168.83,1.1,3871.99,0.2599556018382834
2021,August,Electronics,West,466,38427.93,10974.17,3.4,1907.4,0.28557796373627203
2020,August,Beauty Products,South,494,73648.44,19624.23,1.9,4146.56,0.26645818974577057
2020,February,Fashion,South,223,4271.65,481.58,4.1,3032.12,0.11273863729472218
2024,September,Home Decor,West,321,52782.39,5645.48,2.2,1356.5,0.10695764250159949
2021,February,Beauty Products,West,341,57154.0,7823.1,3.2,1643.0,0.13687755887601918
2022,April,Fashion,South,420,63490.26,8274.62,3.0,961.66,0.1303289669943075
2020,January,Fashion,East,421,39599.55,5905.22,4.4,2103.38,0.14912341175594165
2023,December,Fashion,North,265,43609.79,8319.62,1.5,4146.26,0.190774135807579
2020,October,Electronics,West,37,625.52,83.91,2.6,4174.51,0.13414439186596752
2021,October,Electronics,North,387,7040.77,1664.22,3.5,608.21,0.23636903350059724
2020,November,Fashion,West,81,7841.19,1738.62,1.4,906.96,0.22172909979225092
2022,June,Beauty Products,West,97,14578.32,3172.97,1.8,3809.8,0.21764990753392707
2021,October,Fashion,South,336,54530.5,12839.98,2.9,3454.15,0.23546418976536065
2020,May,Beauty Products,South,64,6571.81,1596.85,3.6,1916.04,0.24298480935997843
2024,January,Home Decor,North,428,81517.22,20121.12,3.4,2191.54,0.2468327550915009
2022,August,Electronics,North,152,20809.28,3507.87,3.7,4051.54,0.16857238693505974
2020,April,Books,South,283,39724.7,4358.82,3.1,4363.62,0.1097256870410601
2022,December,Groceries,East,299,32630.73,5586.14,4.1,165.61,0.17119261505948535
2024,December,Books,East,485,38890.48,10832.32,3.6,577.16,0.27853397540992036
2020,February,Electronics,East,306,25748.17,6294.16,2.8,1637.66,0.2444507706761296
2022,June,Home Decor,South,62,5332.87,801.9,4.6,101.94,0.1503693133340959
2022,June,Beauty Products,North,21,3882.67,901.26,2.3,1837.48,0.2321237704981366
2023,March,Groceries,South,135,2192.17,472.37,1.4,2606.04,0.2154805512346214
2024,September,Groceries,North,460,30945.48,7062.09,2.8,1929.15,0.2282107112250319
2024,November,Books,East,393,7594.73,1297.1,4.4,3746.18,0.17078948165372568
2024,October,Beauty Products,West,72,12721.8,3339.04,1.4,459.61,0.2624660032385354
2022,November,Beauty Products,East,431,13236.05,3784.32,1.8,4517.45,0.2859100713581469
2023,March,Electronics,East,280,10429.1,1125.48,3.5,2576.99,0.10791726994659175
2024,August,Fashion,North,92,7651.96,1581.77,2.7,4676.78,0.2067143581513756
2020,January,Books,West,269,13987.85,2167.47,4.7,2076.47,0.15495376344470377
2022,March,Fashion,South,423,9231.44,2332.55,3.4,3492.02,0.2526745556489562
2022,September,Groceries,West,70,7929.62,1206.58,1.7,2620.08,0.15216113760810732
2021,October,Fashion,East,306,10043.83,2178.17,1.0,315.54,0.21686647424339123
2021,September,Beauty Products,North,170,12871.18,3384.76,3.9,4299.64,0.2629720041208343
2022,October,Fashion,North,427,69962.19,15091.52,2.3,1979.06,0.21570965688752738
2023,February,Books,West,428,32956.19,8836.15,3.4,4113.42,0.2681180682597108
2020,October,Books,South,366,33102.44,5062.01,1.6,2015.03,0.1529195430910833
2022,September,Fashion,East,446,53406.67,13182.02,1.2,1326.67,0.24682347729225584
2021,May,Beauty Products,North,156,4737.41,481.33,3.3,1754.53,0.10160193016859423
2020,December,Groceries,West,43,4082.66,554.85,1.2,1123.05,0.1359040429523889
2023,September,Groceries,East,440,80566.3,21957.04,2.7,4710.95,0.2725338013536677
2022,June,Home Decor,West,361,55655.74,7788.59,2.7,1485.83,0.1399422593249142
2021,September,Home Decor,North,123,11033.97,2111.19,2.7,1720.94,0.19133548487081262
2021,April,Groceries,West,399,30992.38,5705.04,1.6,4130.48,0.1840787961427938
2022,December,Beauty Products,North,400,27472.47,7673.68,3.0,3281.71,0.279322536342746
2022,January,Home Decor,South,393,25781.47,5912.85,3.8,2792.43,0.22934495201398525
2021,May,Books,North,486,28596.0,4440.49,1.6,4652.88,0.15528360609875505
2021,March,Groceries,South,52,901.83,105.14,4.6,3970.8,0.11658516571859441
2022,October,Groceries,South,342,56653.36,13439.46,3.6,2520.84,0.23722264663560994
2023,February,Groceries,North,251,23449.52,6837.52,2.7,3190.05,0.2915846465087558
2020,January,Home Decor,North,138,26033.04,5069.6,3.5,4342.9,0.1947371494070612
2020,August,Books,West,284,38762.65,4839.38,4.5,4512.28,0.12484646947512618
2022,August,Groceries,West,33,3379.7,881.85,2.7,4321.18,0.26092552593425455
2024,January,Electronics,South,168,18777.25,3496.06,1.5,207.46,0.18618594309603376
2023,August,Home Decor,South,271,18503.74,2919.17,3.4,730.95,0.15776107965200548
2024,July,Beauty Products,West,319,51504.32,8758.21,4.5,845.88,0.17004806587097934
2024,November,Groceries,North,302,22981.15,6661.17,3.6,3400.2,0.289853640918753
2020,September,Groceries,East,90,9217.85,982.75,4.3,712.71,0.10661379822843721
2022,December,Home Decor,North,466,15066.87,3578.93,2.7,2537.08,0.2375363960796104
2022,September,Groceries,East,257,46549.87,11304.81,4.8,1683.07,0.24285373944116276
2020,February,Home Decor,East,490,51206.04,7587.49,3.8,2258.9,0.14817568396228256
2020,April,Fashion,West,370,9115.11,1566.93,4.2,4674.55,0.17190467257114833
2024,October,Groceries,East,310,44227.91,11377.05,4.8,355.65,0.25723688955684315
2021,January,Books,West,32,3177.44,620.29,4.5,314.64,0.19521690417442972
2020,November,Fashion,West,466,56625.9,9380.29,1.8,4845.53,0.16565370263430693
2021,June,Beauty Products,South,360,39821.77,7970.9,2.9,872.81,0.20016438244708862
2021,August,Books,North,341,53681.51,14855.03,2.3,4312.31,0.27672526350320625
2021,April,Fashion,South,54,9545.88,1777.68,1.3,3453.56,0.18622484254987495
2022,August,Beauty Products,South,315,18724.49,3647.98,4.3,3679.59,0.19482399787657767
2022,January,Beauty Products,South,409,8501.21,2516.91,2.8,1864.41,0.2960649131123687
2024,March,Fashion,West,365,30710.34,8986.98,2.6,680.57,0.29263694247605204
2021,March,Books,East,250,42017.24,8460.39,1.6,1046.67,0.20135520562511958
2021,December,Fashion,West,340,43826.72,8400.83,3.2,1391.58,0.1916828364066487
2024,September,Electronics,South,188,7455.1,1099.75,2.3,2183.36,0.14751646523856152
2022,October,Home Decor,South,395,6528.4,1352.12,1.1,4504.13,0.20711353470988297
2021,June,Beauty Products,North,390,71107.37,21283.7,3.0,2110.91,0.299317778171236
2021,November,Fashion,East,436,19771.12,2543.62,4.1,1649.95,0.1286533084620396
2022,August,Electronics,East,320,5332.7,1088.43,4.3,472.19,0.20410486245241624
2024,August,Electronics,East,41,3453.9,791.43,1.7,2198.16,0.22914097107617473
2020,January,Beauty Products,East,80,4633.99,766.94,1.1,3403.18,0.16550316250142968
2020,May,Beauty Products,North,381,54462.65,11634.8,4.3,4874.28,0.2136289732504753
2022,March,Home Decor,North,227,12612.56,3349.15,2.2,1572.9,0.26554085768472063
2022,October,Beauty Products,North,267,15630.66,2889.55,3.2,4799.24,0.18486423477959346
2020,September,Fashion,West,434,60412.45,16666.25,3.2,1380.33,0.27587442654618377
2024,May,Beauty Products,North,459,74035.48,21204.88,3.6,499.23,0.28641510799957
2024,May,Groceries,South,440,72831.61,7477.61,2.5,2506.74,0.10266984349240665
2022,November,Electronics,South,406,7582.96,1034.8,2.7,3774.24,0.13646386107799593
2024,March,Fashion,South,421,5697.33,1205.29,4.7,3822.04,0.21155348206967123
2024,June,Fashion,North,99,10021.7,1439.49,4.3,3000.08,0.14363730704371513
2023,January,Groceries,South,261,8181.18,1679.65,1.3,2839.8,0.20530656946797407
2020,July,Groceries,West,118,22844.75,5323.99,3.1,2956.37,0.23305091979557666
2021,May,Fashion,South,26,3107.02,562.51,5.0,2627.9,0.18104485970479753
2020,August,Fashion,South,460,90736.1,18608.67,1.7,2237.97,0.20508562744045641
2022,September,Beauty Products,North,154,30516.2,8106.62,3.3,4902.95,0.26564972047633717
2022,November,Groceries,East,431,76752.79,22116.11,1.3,1487.12,0.2881473103453308
2022,July,Fashion,North,395,70094.59,8610.23,4.0,2653.51,0.12283729742908832
2024,December,Electronics,South,371,41048.25,11647.84,4.4,727.22,0.2837597217908193
2024,October,Fashion,South,210,41321.11,9164.7,1.9,1880.18,0.22179220258119883
2020,June,Beauty Products,South,410,58123.96,16959.74,4.1,4356.33,0.29178569388596376
2022,August,Home Decor,North,125,18163.41,2333.84,4.2,513.27,0.12849129100758064
2024,May,Home Decor,East,241,35495.73,5402.55,1.3,3992.82,0.15220281425399618
2024,December,Groceries,North,272,45449.03,12741.28,2.8,3362.32,0.28034217671972317
2024,April,Groceries,East,482,74936.21,10710.41,4.4,567.49,0.1429270308706565
2020,October,Beauty Products,East,168,32055.71,3448.87,4.0,741.06,0.10758988024286469
2020,May,Fashion,North,300,34105.74,3681.46,5.0,3603.99,0.10794253401333617
2021,November,Books,West,444,84299.59,20785.88,3.3,2016.56,0.2465715432305187
2022,August,Beauty Products,East,384,57182.55,9165.78,2.6,3262.45,0.1602898086916376
2021,December,Books,East,318,59120.99,8212.46,4.3,2678.58,0.13890937888557006
2022,January,Fashion,East,24,3621.37,404.06,4.6,4298.18,0.1115765580429506
2022,October,Groceries,South,394,69632.05,20312.85,2.1,4181.24,0.2917169607960702
2023,September,Home Decor,South,134,16656.07,2293.77,1.3,2617.31,0.13771375840759556
2022,September,Electronics,East,27,2504.74,676.27,2.2,622.51,0.269996087418255
2020,June,Groceries,South,494,70113.73,12936.17,4.3,3986.72,0.18450266445673338
2023,October,Electronics,East,313,6748.25,1970.26,1.6,2135.03,0.29196606527618274
2023,November,Electronics,South,250,16588.96,3098.69,2.1,4303.16,0.18679230042148515
2021,March,Groceries,West,327,10036.47,1553.96,4.9,967.52,0.15483133013898315
2023,November,Groceries,North,245,17939.1,1903.3,1.5,3185.54,0.10609785329252862
2021,February,Beauty Products,North,101,17522.96,4949.05,2.1,557.61,0.282432305957441
2024,July,Books,South,28,5268.15,1407.29,4.8,4132.19,0.26713172555830794
2023,February,Electronics,South,343,50777.72,9076.8,2.4,3187.56,0.17875556444834464
2020,December,Electronics,North,457,40670.35,10783.06,4.8,3354.39,0.265133199001238
2022,June,Books,West,126,5847.34,970.55,2.2,2327.7,0.16598145481535193
2024,February,Groceries,South,102,4125.47,440.1,2.2,3049.61,0.1066787541783118
2020,January,Electronics,East,372,25203.1,7288.0,5.0,2333.16,0.28917077661081375
2022,November,Electronics,West,369,35225.13,4785.78,4.3,124.51,0.1358626639561018
2021,September,Electronics,West,443,33496.1,7923.96,4.2,4944.91,0.2365636596499294
2024,November,Beauty Products,North,68,4926.38,596.46,4.3,539.37,0.1210747039408247
2024,June,Electronics,South,228,14942.11,1858.44,1.8,3501.92,0.12437600847537597
2023,July,Books,West,159,1886.87,455.36,2.0,1558.11,0.24133088130077857
2022,November,Beauty Products,North,108,15967.34,3029.62,2.9,554.18,0.18973855382299118
2022,November,Home Decor,South,98,3242.22,694.58,3.4,402.82,0.2142297561547335
2021,December,Fashion,North,417,49392.83,9020.68,4.6,1224.09,0.18263136572656397
2021,July,Fashion,South,108,7705.57,1363.5,4.3,2203.22,0.17694992064182144
2022,January,Home Decor,East,417,65019.15,10796.45,4.6,4071.25,0.1660503097933455
2021,August,Fashion,North,485,20243.93,2899.22,1.9,2331.97,0.14321428694922378
2021,February,Books,West,214,26566.23,6297.69,3.7,4777.43,0.23705621761160692
2021,July,Groceries,South,443,16152.38,4833.7,3.8,1451.12,0.2992562086825595
2022,November,Electronics,South,369,21566.67,5730.96,1.6,1028.73,0.26573226186518367
2023,December,Fashion,North,20,2785.02,808.38,1.1,2259.05,0.2902600340392529
2022,October,Home Decor,North,348,63127.66,16988.49,4.8,447.92,0.26911325399991065
2020,July,Home Decor,North,108,11259.48,2601.17,4.1,4290.79,0.23102043788878351
2020,January,Electronics,South,65,3199.28,381.0,1.3,4025.14,0.11908929509139556
2020,July,Electronics,North,83,12762.99,2690.82,4.2,1280.07,0.21082990741197793
2020,February,Home Decor,North,74,7773.0,1358.27,4.5,2189.7,0.17474205583429822
2020,April,Books,North,171,25010.63,5107.55,2.0,4212.87,0.20421516771068943
2021,June,Beauty Products,South,155,13505.03,2694.64,3.7,1839.02,0.199528620077112
2021,March,Books,North,434,31240.61,6076.5,2.7,4111.41,0.19450644529668273
2022,May,Electronics,North,421,44523.07,9726.05,3.6,314.73,0.2184496711480138
2023,January,Groceries,North,95,7429.54,1046.33,1.4,1995.96,0.14083375282991947
2022,December,Home Decor,South,95,6164.74,842.36,1.9,4369.36,0.13664161018956195
2020,July,Electronics,South,299,19527.23,4641.13,3.7,4318.18,0.2376747751729252
2022,April,Fashion,East,53,6423.35,1164.78,4.7,2935.52,0.1813352845477827
2022,November,Fashion,North,172,17779.71,4611.86,4.6,1294.74,0.25938893266538093
2022,April,Groceries,East,472,47434.11,5432.72,2.8,2789.27,0.11453192649761955
2020,July,Home Decor,West,89,9877.23,1382.17,1.5,980.77,0.13993498177120509
2024,July,Fashion,South,108,9728.9,1694.28,4.4,2429.8,0.17414918438877983
2020,February,Electronics,West,486,11173.94,1468.95,1.1,1652.28,0.13146213421586297
2022,November,Electronics,East,178,1890.11,216.51,3.8,4478.17,0.1145488886890181
2020,September,Fashion,West,400,16950.68,4137.03,1.7,4922.15,0.24406277506271132
2021,March,Electronics,West,328,18927.01,4700.15,2.8,305.93,0.24833029622745484
2022,August,Fashion,South,22,1934.82,351.43,2.2,368.96,0.18163446728894678
2023,July,Fashion,West,65,10338.33,1586.35,2.9,2818.83,0.1534435445570029
2020,October,Fashion,East,196,38116.26,6187.22,4.9,1310.77,0.16232495003444725
2024,April,Books,East,58,6812.14,1818.85,1.4,4300.6,0.2670012653879691
2023,January,Fashion,West,338,30122.8,6563.97,4.5,3697.27,0.21790703387467303
2020,February,Beauty Products,South,110,17681.63,3933.04,3.0,2253.55,0.22243650613659485
2022,April,Electronics,East,312,25962.69,5411.37,1.3,1703.8,0.20842871058430387
2021,April,Groceries,South,50,4205.87,623.02,4.3,4738.19,0.14813106444088855
2023,November,Electronics,West,364,67096.48,10460.12,1.5,2914.39,0.15589670277785067
2023,June,Beauty Products,East,309,10091.12,2784.43,3.7,3639.3,0.2759287373453095
2020,February,Beauty Products,West,201,3793.58,546.42,3.0,4712.41,0.1440380853969074
2020,June,Home Decor,South,62,3454.91,1011.84,4.5,1087.63,0.29287014712394827
2023,December,Books,West,97,12406.51,2147.85,3.3,2075.1,0.17312282019681602
2024,October,Fashion,East,247,49214.23,7825.03,4.9,4665.7,0.15899933819954104
2022,September,Fashion,South,289,35191.97,8418.8,1.1,4424.29,0.2392250277549111
2020,November,Beauty Products,West,72,1407.7,391.35,1.1,2306.91,0.27800667755913905
2022,November,Beauty Products,South,343,43329.91,12580.69,4.6,3652.42,0.2903465527622836
2021,May,Home Decor,West,271,37658.62,4503.85,1.8,2935.66,0.11959678819882406
2023,February,Beauty Products,South,165,24106.25,3766.0,4.3,947.81,0.1562250453720508
2022,December,Fashion,North,111,1324.62,355.96,1.2,2769.93,0.26872612522836736
2022,February,Beauty Products,West,290,42916.78,9528.93,3.5,1229.68,0.22203273404947904
2022,November,Groceries,East,496,93804.23,21819.73,1.7,2081.59,0.2326092330804272
2023,June,Electronics,West,377,11445.89,1623.19,2.8,1402.24,0.1418142232714101
2022,January,Electronics,North,285,15871.22,1722.51,4.6,3798.85,0.10853040913048903
2020,June,Groceries,South,397,60687.58,8207.63,4.8,4034.37,0.13524398237662466
2020,November,Home Decor,East,402,11089.93,2280.09,5.0,3687.73,0.20560003534738272
2021,September,Home Decor,North,293,54821.28,12610.26,4.4,3443.13,0.23002491003493536
2024,December,Home Decor,West,226,13724.82,1617.18,4.1,4419.21,0.11782886770099718
2023,June,Electronics,North,115,9056.53,1823.91,1.3,1547.68,0.20139170300324738
2021,October,Home Decor,South,137,1833.26,327.9,2.4,3049.51,0.17886169992254233
2021,October,Home Decor,East,248,3552.05,1035.27,4.4,1653.35,0.2914570459312228
2022,January,Books,East,428,66418.67,16983.22,3.7,1035.7,0.2556994893152784
2024,February,Books,North,157,14321.58,1715.51,1.5,4145.62,0.11978496785969146
2022,June,Home Decor,East,202,23684.77,2722.72,1.3,3341.24,0.11495657335916708
2022,January,Home Decor,East,322,25797.95,4104.73,1.1,1425.28,0.15911070453272447
2022,November,Books,North,194,13006.97,2793.67,3.5,3492.02,0.21478253582502307
2024,June,Groceries,West,305,15948.78,1626.15,4.2,2656.96,0.10196077693717012
2024,August,Fashion,South,231,14526.47,3160.64,3.6,1181.24,0.21757798005984935
2021,March,Fashion,West,279,42059.54,8153.43,1.2,2080.54,0.19385447391959112
2023,March,Fashion,North,29,1761.44,245.09,4.9,2559.31,0.1391418384957762
2020,January,Home Decor,West,234,17168.96,4096.52,2.9,3718.93,0.238600357855106
2024,April,Groceries,East,253,19135.96,5692.4,3.5,3409.56,0.2974713575906304
2022,February,Groceries,South,420,48435.02,6982.15,4.4,3687.99,0.1441549936389001
2021,January,Fashion,East,356,7079.39,1675.08,3.7,4885.97,0.23661360653954647
2022,October,Beauty Products,South,364,5062.31,831.8,1.4,2807.74,0.16431233962361055
2021,February,Groceries,North,335,44657.94,11724.22,4.7,2345.14,0.26253382937054415
2020,May,Beauty Products,North,351,59907.07,14289.9,1.9,3438.59,0.2385344501074748
2024,October,Home Decor,North,230,38134.87,5912.18,2.1,1355.76,0.15503343790079788
2023,November,Home Decor,South,426,61634.26,8575.53,2.6,4126.18,0.1391357663740913
2020,August,Groceries,West,204,2735.6,768.63,1.8,132.37,0.2809730954817956
2021,September,Fashion,West,100,6134.04,1649.62,1.1,2845.98,0.26892879733422015
2022,June,Groceries,East,459,90104.78,24737.19,4.5,806.27,0.27453804337572324
2021,November,Fashion,East,76,6233.2,1084.61,4.2,4574.99,0.17400532631714047
2022,May,Fashion,West,447,87267.17,13521.83,1.5,3414.57,0.15494750202166518
2023,December,Groceries,West,454,57538.59,7170.68,4.1,3056.0,0.1246238394093425
2020,June,Home Decor,North,90,8403.66,909.58,3.2,2360.35,0.10823617328640141
2020,April,Electronics,North,55,6832.4,916.12,3.8,1449.14,0.1340846554651367
2020,February,Books,East,347,51179.17,14199.04,1.2,4195.65,0.27743787169662976
2022,August,Fashion,East,342,46953.33,8841.13,3.6,261.2,0.18829612297998882
2021,November,Groceries,East,392,74335.74,15138.75,1.3,2747.95,0.20365372026968454
2021,September,Home Decor,East,23,3222.35,960.67,4.8,4025.88,0.2981271432339752
2024,May,Books,East,345,60974.05,13701.32,4.4,2159.19,0.22470739601519005
2024,April,Groceries,North,327,37561.06,9690.52,2.5,648.03,0.25799378398799183
2024,April,Electronics,East,413,17673.38,2475.13,1.7,1848.26,0.140048479690925
2020,March,Fashion,South,169,10060.05,2131.4,1.8,1148.81,0.21186773425579397
2024,June,Books,South,311,32325.25,5786.03,1.9,1052.87,0.17899412997579292
2021,July,Books,West,111,5072.88,1036.86,2.6,1750.74,0.20439277097033634
2024,October,Home Decor,East,190,12534.31,3043.56,3.2,4690.65,0.24281831229640882
2020,September,Fashion,East,43,4579.45,842.12,1.9,3108.61,0.18389107862297874
2021,February,Home Decor,North,485,75732.35,9644.23,4.0,1732.03,0.12734623975091225
2024,June,Home Decor,West,438,87421.79,25675.5,1.6,894.74,0.29369680030573614
2022,September,Electronics,West,131,3005.79,492.74,3.9,1969.97,0.16393028122390454
2023,January,Home Decor,South,384,21133.27,2623.97,3.1,3958.06,0.12416299039381978
2020,April,Electronics,North,102,11064.72,1609.88,2.6,2007.64,0.14549667772885352
2024,May,Books,South,213,18830.83,4481.21,3.2,4988.67,0.23797198530282518
2021,November,Electronics,North,83,4883.63,1077.04,1.6,3396.82,0.22054086816568821
2021,February,Beauty Products,North,108,16038.79,2374.86,1.6,258.1,0.14806977334325094
2020,October,Fashion,South,467,51639.41,6624.28,3.6,1904.7,0.12827954463461141
2021,April,Home Decor,East,188,24104.89,5067.0,2.7,742.93,0.21020631083568522
2023,September,Groceries,North,240,9695.58,2762.18,4.6,2324.19,0.2848906408899725
2022,July,Fashion,West,332,7450.11,778.4,2.4,1167.74,0.10448167879400438
2023,August,Electronics,South,320,18081.41,2098.51,1.6,405.0,0.116058979913624
2020,September,Electronics,North,93,4239.56,922.71,2.8,4472.34,0.21764286859957163
2021,January,Beauty Products,East,216,39994.64,9768.85,1.3,4974.49,0.2442539800333245
2021,July,Home Decor,South,273,41464.22,10618.44,1.7,1851.41,0.256086814125528
2021,September,Books,East,378,64689.06,12990.69,3.6,4423.36,0.2008174179683551
2020,April,Beauty Products,East,362,14527.54,1949.7,3.7,2911.01,0.13420716790316872
2022,June,Groceries,East,133,4630.66,1247.62,4.7,2461.6,0.26942595655910817
2020,March,Books,North,269,20400.73,4326.11,3.2,4328.98,0.21205662738539258
2023,August,Beauty Products,South,133,24664.57,6861.58,4.4,718.56,0.27819580880591066
2023,December,Beauty Products,East,241,22319.61,2830.42,2.8,4665.06,0.1268131477207711
2024,February,Groceries,South,256,23939.21,6205.85,3.6,4011.7,0.25923370069438384
2021,May,Home Decor,South,51,5811.02,1049.29,1.2,3613.91,0.18056898788852901
2023,September,Groceries,South,292,6362.69,945.56,3.9,1546.24,0.1486101004449376
2024,September,Beauty Products,South,251,25076.61,6064.84,3.7,4246.39,0.2418524672992083
2024,July,Books,North,166,29599.69,8224.77,2.5,1382.33,0.27786676144243405
2024,December,Books,North,33,2165.19,529.0,3.5,2306.36,0.2443203598760386
2022,August,Books,East,172,22752.34,4970.92,2.1,2024.15,0.21847950584423403
2024,August,Home Decor,West,340,8152.14,2312.05,2.8,3141.41,0.2836126464952761
2021,November,Fashion,East,121,12381.69,3615.63,3.2,3555.56,0.29201425653525487
2020,September,Books,West,273,29228.71,3329.3,3.2,2983.04,0.11390512957978646
2023,May,Electronics,North,85,3581.89,673.47,3.8,3442.4,0.188020849328148
2022,February,Groceries,West,367,46231.47,9874.57,1.6,3512.37,0.21358979067721617
2023,March,Groceries,North,478,88423.45,22523.74,4.1,2183.58,0.2547258674028213
2022,December,Electronics,West,49,3561.99,544.11,2.2,4473.27,0.1527544995915205
2024,February,Books,West,61,10324.52,2405.55,4.3,4675.1,0.23299388252432074
2024,May,Electronics,West,413,63910.47,10614.94,3.6,4700.19,0.1660907829343142
2022,November,Home Decor,East,354,49811.53,10453.42,3.9,633.38,0.20985944418892574
2024,January,Beauty Products,South,42,8030.39,1635.0,2.2,4061.78,0.20360156854150296
2021,July,Home Decor,North,242,31185.91,8857.52,4.1,802.39,0.28402313737197343
2020,October,Electronics,South,197,22238.02,3879.73,3.3,947.71,0.1744638236677546
2020,April,Fashion,North,156,23627.87,6594.39,1.4,4655.14,0.2790937143297301
2020,September,Home Decor,South,108,9506.47,1419.2,3.0,4600.93,0.1492878008345895
2024,April,Beauty Products,South,294,49704.91,5676.79,1.1,815.59,0.11420984365528475
2020,May,Books,West,491,70714.27,7196.09,1.4,2192.77,0.10176291150286922
2023,December,Electronics,East,401,20075.67,5742.59,3.5,4903.25,0.2860472402664519
2023,October,Fashion,East,235,29606.79,3936.2,4.8,1352.06,0.13294923225381744
2024,August,Groceries,West,88,16054.55,4495.17,2.9,4972.58,0.27999352208563927
2023,August,Electronics,North,43,6179.07,679.29,3.2,4640.8,0.10993401919706364
2024,July,Fashion,East,37,1449.91,393.07,4.3,325.86,0.27109958549151325
2022,June,Home Decor,North,360,56442.15,13921.3,3.2,2962.82,0.24664723083723775
2024,August,Electronics,North,353,13134.41,1421.74,3.6,4903.56,0.10824544079254417
2024,March,Groceries,South,221,10707.97,2290.04,1.3,3489.81,0.21386313185412362
2021,August,Beauty Products,West,208,20067.23,3458.26,1.2,3295.38,0.17233370026655398
2021,June,Beauty Products,South,102,1405.67,192.51,3.5,4865.54,0.13695248529171142
2022,November,Books,West,356,47341.09,12978.78,3.3,2460.87,0.2741546508540467
2024,June,Fashion,South,286,11709.68,3107.77,3.5,534.09,0.26540178723927554
2022,March,Electronics,West,268,7863.79,2060.9,4.4,806.6,0.2620746484837464
2020,June,Electronics,North,308,32700.76,7376.25,4.3,1183.85,0.22556815193286028
2022,May,Books,South,337,38453.71,8382.71,2.9,4856.98,0.21799483066783412
2021,November,Beauty Products,West,450,33386.51,9539.55,2.5,437.09,0.2857306738559975
2021,October,Electronics,West,93,16144.79,1770.28,4.0,2435.77,0.10965023391447024
2023,October,Books,West,33,4966.81,861.58,3.0,2696.09,0.17346747711307658
2024,January,Electronics,East,132,22644.52,3108.93,2.2,4064.83,0.13729281963141635
2023,December,Groceries,East,115,21845.01,2828.33,2.3,3169.41,0.1294725889344981
2022,February,Electronics,West,168,13849.12,1622.02,2.6,797.77,0.11712079901105629
2022,July,Beauty Products,North,49,7008.75,1331.55,3.1,1628.71,0.18998394863563403
2022,July,Fashion,West,102,5316.2,616.83,4.6,751.53,0.11602836612618037
2022,May,Home Decor,North,70,774.54,191.72,4.4,2515.36,0.24752756474810855
2024,July,Home Decor,East,348,56284.23,6190.79,4.9,1368.93,0.1099915553610665
2024,January,Home Decor,West,219,29687.37,6000.99,3.6,4196.37,0.20213949568452846
2021,April,Beauty Products,East,380,8662.16,1506.4,3.7,3534.58,0.17390581563951718
2021,August,Home Decor,East,167,2476.46,348.33,1.2,2578.98,0.1406564208588065
2022,December,Books,South,357,25369.59,5721.36,1.3,279.07,0.22552039666387985
2024,November,Beauty Products,East,211,4512.93,544.83,3.1,1425.29,0.12072644601179279
2022,October,Groceries,East,235,41450.29,10669.47,4.3,1553.82,0.2574039892121382
2023,November,Electronics,East,390,43895.96,6220.81,2.3,4291.31,0.14171714207867878
2022,January,Electronics,East,283,11731.88,2480.61,1.0,4102.2,0.2114418149520793
2020,August,Electronics,West,195,13278.83,1449.26,1.5,969.67,0.10914063964972817
2023,August,Fashion,North,310,39653.14,7946.4,3.4,3297.08,0.20039774908115726
2020,August,Beauty Products,West,146,12313.91,2460.67,2.6,1170.97,0.19982848664640232
2022,July,Groceries,North,460,64936.69,10837.54,1.2,2721.85,0.16689393931227478
2021,May,Electronics,North,164,30511.69,3272.55,3.0,3656.43,0.10725561252097147
2023,July,Beauty Products,South,193,28486.0,7981.39,4.3,4410.81,0.28018640735800043
2022,September,Beauty Products,East,180,17511.19,3998.85,3.8,2545.32,0.22835969457244198
2022,June,Beauty Products,West,106,17886.76,3696.48,1.8,2194.54,0.20666012178840665
2020,July,Home Decor,East,153,29236.69,7565.95,1.4,240.94,0.25878271445912654
2022,May,Electronics,East,254,41260.36,7483.37,3.0,536.31,0.18136947908355622
2024,April,Electronics,South,193,34662.53,5472.78,1.9,3157.78,0.15788749407501415
2022,August,Fashion,South,48,5790.54,1303.47,1.3,2091.02,0.22510335823601946
2022,March,Fashion,North,291,7891.95,1932.73,2.4,2108.29,0.24489891598400904
2022,February,Home Decor,West,213,40782.7,12026.61,4.5,158.79,0.2948948941585526
2020,September,Electronics,North,418,61059.02,9987.31,2.6,4936.0,0.16356813456881555
2024,November,Home Decor,South,275,32414.99,5214.85,4.2,3693.82,0.1608777297170229
2022,June,Beauty Products,West,169,31809.01,3410.97,1.8,657.68,0.10723282491344434
2023,March,Books,East,437,44833.96,7343.07,3.1,3096.11,0.16378365863733652
2024,August,Electronics,West,439,37496.99,6683.69,3.0,366.48,0.17824604054885473
2021,January,Beauty Products,North,355,32333.68,3887.93,3.1,2099.08,0.12024396851827568
2021,July,Books,East,315,56938.31,14306.79,1.2,1712.52,0.2512682585766947
2021,October,Groceries,East,332,62216.39,15898.72,1.0,4904.92,0.2555390950841089
2023,November,Home Decor,South,356,34105.54,8308.07,1.4,306.16,0.24359884054027583
2023,July,Beauty Products,South,343,61712.94,17771.94,2.7,1239.23,0.2879775295100184
2021,July,Electronics,North,340,60803.47,11390.9,4.3,516.26,0.18733963703058393
2020,February,Books,North,99,12041.09,2853.01,3.7,4295.7,0.23693951295107005
2022,August,Books,West,37,5349.01,1127.05,3.6,3590.66,0.2107025412179076
2022,September,Beauty Products,South,262,5065.06,532.56,1.2,4086.2,0.10514386798971777
2022,June,Electronics,West,152,26213.39,5955.14,2.7,4744.67,0.22717931560931268
2023,July,Fashion,East,197,13515.59,3746.42,3.1,3235.84,0.27719248660250867
2022,April,Books,North,241,18782.32,3507.0,1.2,3341.46,0.18671814770486286
2020,April,Electronics,North,213,15983.68,2407.1,4.4,3003.93,0.15059735930649262
2020,May,Beauty Products,South,428,52294.51,5801.58,3.3,3904.37,0.11094051746540888
2021,August,Groceries,North,300,7966.02,1259.58,2.1,4450.92,0.15811911092364817
2020,January,Electronics,West,438,30470.06,4476.4,2.7,4132.49,0.14691142715176797
2021,December,Home Decor,South,214,20411.29,2438.99,1.2,787.56,0.11949220259963969
2020,August,Groceries,West,419,76319.07,15623.63,3.5,3681.55,0.20471462768086662
2022,July,Electronics,South,65,1740.01,353.61,3.3,3875.57,0.20322296998293113
2023,September,Groceries,North,78,4360.3,1064.38,3.0,936.42,0.24410705685388623
2022,January,Beauty Products,East,168,11035.52,2722.15,5.0,491.47,0.24667165661427826
2022,May,Electronics,East,370,56989.68,9337.61,2.8,637.33,0.16384738429835016
2021,February,Groceries,East,293,51834.88,14700.89,1.9,4072.74,0.2836099938882853
2021,May,Home Decor,South,393,36146.72,3805.79,3.8,4137.15,0.1052872847107566
2023,December,Home Decor,North,469,54613.15,6098.87,3.4,1775.21,0.1116740199018002
2024,July,Books,East,96,17089.68,3638.93,1.3,1156.21,0.21293142996241005
2020,January,Books,East,329,50397.26,12180.98,2.3,3399.33,0.24169925111008017
2023,July,Electronics,South,429,9778.3,2672.14,2.7,4714.6,0.2732724502214086
2021,February,Home Decor,South,400,64228.16,11979.74,4.9,4090.33,0.18651849905088358
2021,June,Electronics,North,317,53180.8,9550.09,2.6,2356.83,0.17957777995065888
2022,April,Groceries,South,21,3288.57,800.63,4.2,4022.89,0.2434584028924426
2022,July,Beauty Products,East,446,82490.98,17575.59,3.6,4923.51,0.2130607491873657
2024,June,Beauty Products,East,92,9670.95,2110.69,1.1,1785.29,0.21825053381518877
2024,June,Books,East,262,33466.91,4789.18,3.0,3288.93,0.1431019475655207
2024,April,Fashion,North,453,27755.64,2898.9,3.2,904.1,0.10444363740126332
2020,August,Beauty Products,North,145,26022.33,3861.98,3.3,1821.89,0.14841023075181967
2021,August,Books,North,191,12743.92,1721.82,3.6,1674.71,0.1351091343950684
2021,December,Home Decor,South,125,22334.57,3035.71,4.5,3961.51,0.1359197871282053
2021,June,Home Decor,North,361,48076.57,9254.51,3.6,4969.66,0.19249522168490807
2021,July,Electronics,East,496,25984.9,4261.13,2.5,3074.59,0.16398485274139982
2024,May,Groceries,West,60,7828.12,1714.68,4.8,2541.82,0.2190410979903221
2020,July,Beauty Products,East,446,4550.97,1239.05,3.6,1835.49,0.27226063894070934
2022,September,Home Decor,West,394,14209.67,3479.74,2.1,771.24,0.24488534920233895
2022,February,Home Decor,West,252,48030.67,11247.02,3.8,1220.26,0.23416329607727732
2021,April,Beauty Products,West,218,7252.83,1008.4,3.5,3487.03,0.13903538342964056
2024,July,Books,South,129,1608.24,185.42,4.3,698.9,0.11529373725314629
2024,May,Beauty Products,East,92,10918.42,1570.42,3.1,1978.56,0.14383216619254435
2021,March,Fashion,South,154,28916.98,8465.7,1.6,3536.1,0.2927587873975775
2020,April,Groceries,South,74,2580.58,754.77,3.0,4554.54,0.2924807601391935
2024,June,Fashion,West,297,52841.29,14087.16,4.2,4794.49,0.2665937943604329
2023,September,Fashion,West,97,3855.28,681.04,4.9,4270.48,0.17665124193314102
2020,October,Electronics,East,52,9813.84,1913.33,3.1,3673.24,0.194962420418511
2023,February,Books,South,271,11505.55,1408.93,1.2,1379.97,0.12245655357631753
2024,October,Groceries,East,188,21268.9,5307.22,3.7,3092.2,0.24952959485445886
2023,August,Beauty Products,West,210,19278.1,3705.12,1.9,692.37,0.1921932140615517
2022,November,Books,North,410,46679.24,7928.49,1.8,2091.18,0.16985045172115057
2024,July,Groceries,East,391,50386.39,9999.2,4.5,3667.27,0.19845041488386053
2023,December,Electronics,North,96,10590.46,2416.87,2.5,4942.55,0.22821199456869673
2021,November,Beauty Products,West,401,16217.29,3358.91,4.7,1246.94,0.20711906859900758
2021,December,Groceries,West,362,28328.93,4164.05,4.8,3528.23,0.14698931445698796
2024,May,Home Decor,North,490,35863.24,5926.33,3.7,713.99,0.1652480367083398
2023,December,Books,North,36,6483.42,648.93,2.8,3816.29,0.10009069287505667
2023,January,Beauty Products,North,258,21059.27,4555.25,2.3,3407.54,0.2163061682574942
2023,June,Electronics,East,136,26529.4,2770.35,2.2,1220.66,0.10442565606459248
2020,May,Electronics,South,173,25053.24,7459.2,1.5,4866.75,0.2977339457890476
2020,February,Beauty Products,North,469,60876.57,7362.59,3.5,4196.22,0.12094291777608364
2020,May,Electronics,North,162,6005.5,1094.69,4.2,4286.76,0.1822812421946549
2023,May,Fashion,South,163,13121.99,3065.15,3.3,1494.11,0.23358880779515914
2023,April,Beauty Products,North,321,54593.21,7592.34,4.8,2634.09,0.1390711408982912
2020,December,Home Decor,North,374,30616.72,8824.66,3.1,3549.82,0.2882300912703908
2022,December,Fashion,North,430,45246.68,10280.44,3.7,1808.45,0.22720871453993974
2021,January,Electronics,North,195,8651.62,1623.11,2.9,452.76,0.18760763880059453
2020,July,Books,North,33,3479.38,408.29,2.6,1267.27,0.11734561904707161
2020,July,Beauty Products,East,253,50063.23,6554.54,4.2,304.98,0.1309252319516739
2023,January,Books,South,380,12967.23,2356.32,3.7,4871.74,0.1817134422694747
2021,June,Fashion,West,203,25544.88,6402.57,3.3,1536.81,0.2506400499826188
2020,September,Electronics,North,196,33750.86,3660.06,3.7,4406.87,0.10844345892223191
2024,May,Electronics,South,325,54883.79,13812.83,4.4,2697.15,0.2516741281897624
2022,October,Home Decor,North,186,24258.29,6102.97,1.6,3615.32,0.2515828609518643
2023,February,Fashion,East,400,77177.43,15420.06,3.8,892.11,0.1998001229115818
2024,March,Electronics,West,263,22382.93,2512.24,2.9,3061.47,0.11223910363835296
2022,January,Books,East,277,28964.31,8186.07,4.5,3549.27,0.28262610088070456
2023,July,Home Decor,West,443,18022.99,4509.52,5.0,4151.99,0.25020931599029905
2022,May,Fashion,South,335,44958.66,6972.5,4.2,4281.0,0.1550869176261036
2022,November,Books,South,134,8881.87,1549.79,4.2,1714.7,0.17448915599980633
2021,September,Fashion,North,297,9628.41,1398.95,4.2,4095.93,0.14529397896433577
2024,August,Home Decor,South,429,53183.14,7886.92,4.4,4918.71,0.14829737394219297
2022,January,Beauty Products,South,48,6769.08,1800.49,1.3,4268.82,0.2659874015375797
2024,February,Beauty Products,West,158,12677.25,2819.04,1.4,893.21,0.22236999349227948
2022,February,Fashion,South,108,8442.52,2459.52,2.1,1481.24,0.2913253388798605
2020,December,Electronics,East,391,42162.26,12376.62,2.4,2233.48,0.29354735728113246
2021,May,Home Decor,North,333,16010.5,4698.19,2.6,311.19,0.29344430217669654
2023,December,Fashion,East,88,2857.7,767.73,2.3,4371.84,0.26865311264303465
2020,March,Groceries,West,383,59658.9,6926.92,3.0,3069.13,0.11610874488131695
2022,November,Books,East,60,9522.8,1855.16,3.2,2381.34,0.1948124501197127
2023,August,Home Decor,North,375,50092.45,14751.27,4.5,3869.11,0.29448090480701183
2022,July,Groceries,North,450,46073.21,12165.79,1.3,3386.41,0.26405344884803994
2020,April,Beauty Products,North,154,3987.19,909.18,3.3,3735.77,0.22802525086589803
2024,March,Groceries,East,148,16162.39,2308.54,3.0,736.58,0.14283407342602178
2022,July,Electronics,West,53,541.78,150.76,2.2,2042.1,0.2782679316327661
2024,April,Books,West,28,3510.87,443.18,3.7,4626.17,0.12623082028101298
2020,November,Groceries,North,27,3853.1,924.88,1.2,3127.84,0.24003529625496353
2020,January,Books,North,178,18767.52,2392.97,1.7,691.55,0.12750592513022496
2023,September,Home Decor,East,490,90930.82,12611.47,4.9,4075.86,0.1386930195944565
2022,January,Books,North,114,21023.81,4797.02,4.6,2760.57,0.2281708215589848
2022,April,Beauty Products,South,297,6261.05,1630.48,4.2,4400.49,0.26041638383338256
2024,April,Groceries,South,71,2163.23,279.47,5.0,4755.37,0.12919107075992844
2022,October,Home Decor,South,227,21464.44,5173.01,2.5,3917.98,0.24100372523112648
2024,December,Fashion,West,318,52502.29,15030.68,3.5,2260.95,0.28628617913618626
2022,November,Home Decor,North,87,13450.65,1914.03,2.4,375.62,0.1423001862363529
2021,June,Fashion,South,257,2858.22,832.54,4.3,387.9,0.2912791877462197
2023,October,Home Decor,South,258,26227.58,4531.75,4.2,2771.96,0.17278567065661413
2020,November,Groceries,North,84,15711.49,3196.61,1.6,1902.75,0.20345683318386737
2023,April,Groceries,North,91,13442.53,3561.45,3.6,757.79,0.26493896610236317
2024,October,Fashion,South,425,33779.8,10044.06,5.0,1581.33,0.2973392382429736
2024,June,Groceries,East,276,52315.62,5663.86,4.3,198.55,0.1082632682170258
2023,August,Home Decor,West,360,59587.7,6445.44,2.1,2715.59,0.10816728955807994
2023,September,Fashion,North,395,24127.97,6070.62,2.2,2099.94,0.25160094280621204
2024,August,Fashion,West,194,6920.91,1198.33,4.5,855.56,0.17314630590485933
2022,November,Books,North,453,4689.11,716.84,3.8,2156.62,0.15287335976336663
2023,December,Books,West,249,21741.57,5166.23,2.9,4059.59,0.237619914293218
2024,February,Books,North,58,1179.31,225.72,2.9,563.96,0.19140005596492865
2024,July,Beauty Products,East,53,6223.65,1613.3,3.7,1160.62,0.2592208752098849
2022,January,Electronics,West,277,14537.21,2822.17,3.6,2752.59,0.1941342252055243
2020,February,Groceries,North,288,53434.07,9809.24,4.2,4314.73,0.18357650839623482
2020,October,Electronics,East,352,22544.81,2413.58,3.1,2873.32,0.10705701223474492
2022,February,Books,West,227,6177.41,1336.97,2.3,1109.26,0.2164288917199927
2022,August,Books,North,355,8234.53,1151.37,1.4,4228.69,0.1398221877872811
2022,August,Electronics,East,149,7072.33,1241.44,2.7,1145.21,0.175534795463447
2021,October,Fashion,West,185,33526.44,9657.14,3.0,895.84,0.2880454948392969
2022,October,Home Decor,East,84,7141.61,1232.68,4.8,4447.57,0.17260533689182134
2021,November,Books,West,275,13819.68,3061.31,3.0,1784.89,0.22151815382121726
2022,October,Groceries,South,357,10618.33,1449.18,1.6,4058.56,0.13647908851956947
2024,May,Fashion,North,298,45717.46,8436.76,4.4,3231.15,0.1845413109127235
2022,June,Beauty Products,South,73,9191.78,1310.09,2.5,890.21,0.1425284330129746
2020,July,Fashion,East,191,3593.65,975.27,4.9,4036.72,0.27138702989996244
2021,October,Groceries,East,111,6009.38,1239.06,3.5,4448.04,0.20618765995826524
2024,April,Beauty Products,South,190,9819.01,1383.7,1.7,4872.78,0.14092052050053927
2021,June,Fashion,West,377,7644.6,2058.47,2.5,172.03,0.2692711194830337
2020,April,Books,South,329,6471.14,724.98,3.1,1879.21,0.11203281029308591
2020,February,Home Decor,North,299,32194.64,5232.38,2.8,1645.33,0.16252332686434762
2020,October,Electronics,West,452,33931.44,5684.21,1.7,4667.04,0.16752044711335562
2024,April,Groceries,North,287,52981.21,5880.04,3.8,3138.2,0.11098349773438546
2021,September,Home Decor,West,275,17423.44,2898.7,4.6,4487.53,0.1663678355135381
2023,April,Electronics,East,293,22129.72,3325.31,4.7,2494.54,0.1502644407611122
2022,October,Beauty Products,North,454,86125.67,9629.87,2.7,2203.28,0.11181184425038436
2021,June,Fashion,East,473,53557.46,6179.76,2.4,602.83,0.11538560641225332
2024,November,Electronics,East,378,10216.53,1554.99,3.8,3817.24,0.152203341056112
2020,December,Groceries,West,344,8196.52,2319.16,1.5,2447.89,0.28294446911616145
2024,April,Books,North,261,35926.51,10361.69,2.7,3753.45,0.28841348630857827
2023,April,Books,South,73,14283.78,1987.86,2.6,1263.09,0.13916904348848833
2021,January,Electronics,West,125,21711.66,2656.51,2.4,2872.99,0.1223540714989089
2024,December,Electronics,East,428,80545.84,20172.34,2.7,4712.18,0.25044546062217493
2023,October,Electronics,West,446,18596.62,2542.11,1.2,3439.64,0.13669742135936533
2022,November,Books,North,468,10252.52,2294.11,4.3,3043.98,0.22376059739459178
2022,September,Groceries,North,282,14606.25,1753.39,3.1,2221.33,0.12004381685922123
2021,June,Beauty Products,West,157,7144.89,1602.61,2.0,1444.97,0.2243015637749496
2023,May,Groceries,West,76,6884.23,749.49,4.8,2842.56,0.10887056359244245
2022,January,Home Decor,North,357,19697.42,5215.19,1.2,1119.99,0.2647651316771435
2022,April,Home Decor,South,30,5134.52,566.9,1.9,884.93,0.11040954169036248
2022,February,Fashion,North,349,69551.8,9749.96,1.1,1594.03,0.14018271274071986
2020,October,Home Decor,East,417,71924.13,18375.28,1.0,4698.42,0.25548143578518084
2022,November,Groceries,North,476,59692.11,10157.38,1.5,4256.51,0.170162857369257
2022,April,Home Decor,West,58,8680.25,1691.33,4.5,3628.23,0.19484807465222775
2022,December,Home Decor,East,358,25213.33,3601.22,4.8,3863.04,0.1428300030182447
2023,July,Beauty Products,East,269,18989.36,3173.85,5.0,1111.94,0.16713833430931846
2020,July,Fashion,East,77,5487.04,597.09,3.4,3704.31,0.10881823351023504
2022,July,Home Decor,South,99,7886.01,1459.49,4.7,1796.07,0.18507331337393687
2022,December,Home Decor,East,224,10322.04,2718.81,2.6,4379.12,0.2633985142471837
2022,October,Beauty Products,South,195,7905.02,1370.04,4.5,4512.4,0.1733126544904377
2023,August,Books,North,477,48249.7,8237.87,2.0,3848.4,0.17073411855410503
2020,June,Beauty Products,West,90,7736.84,1758.84,3.9,3694.56,0.22733312308384301
2020,August,Fashion,West,242,18209.45,4462.99,2.5,120.8,0.24509197147634879
2024,May,Beauty Products,East,179,17380.58,2774.41,3.1,4264.27,0.1596270089950968
2024,December,Books,East,256,42096.75,8690.52,1.2,3037.7,0.20644158990895972
2023,November,Electronics,East,458,68058.61,19697.67,3.6,3581.3,0.28942216128128384
2021,March,Groceries,North,121,8543.56,2549.04,3.3,3805.12,0.29835806151065836
2023,November,Fashion,West,396,35744.1,9327.99,3.2,2764.22,0.26096586569531754
2020,February,Beauty Products,East,147,25125.9,3892.19,2.9,1009.03,0.15490748590100253
2023,September,Fashion,West,281,10753.24,1202.31,3.4,3537.31,0.11180909195740074
2021,August,Groceries,South,227,24867.2,2659.3,4.0,2292.62,0.10694006562861923
2024,December,Groceries,West,220,22936.84,5170.29,2.4,3527.25,0.2254142244528889
2021,April,Groceries,South,333,51135.28,9460.58,1.2,4055.43,0.18501081836258645
2020,June,Books,South,472,23422.85,3399.75,1.6,4171.27,0.14514672638043621
2021,January,Beauty Products,North,47,5384.66,1154.28,1.3,3726.05,0.2143645095512066
2021,June,Home Decor,West,331,28308.94,8391.85,2.2,3326.97,0.2964381569921022
2022,December,Books,South,297,6632.65,1573.48,2.3,439.44,0.2372324787226825
2024,February,Electronics,North,308,56907.24,7880.34,3.7,4322.44,0.13847693193344116
2020,December,Electronics,West,159,21892.16,4611.14,1.5,2021.31,0.2106297414234137
2024,March,Fashion,West,473,80266.7,19741.11,2.7,3143.27,0.24594395932559832
2021,September,Books,South,378,8870.66,1773.45,3.7,3454.35,0.19992311733287038
2021,May,Fashion,East,227,39950.07,10791.26,4.4,3467.95,0.2701186756368637
2021,April,Books,South,226,4334.58,732.4,1.4,3013.19,0.1689667741741991
2021,September,Home Decor,West,452,51297.91,13195.27,3.4,1462.61,0.25722821845958244
2023,August,Groceries,South,224,37491.54,11244.88,2.5,1992.65,0.29993113112984954
2023,July,Electronics,North,109,8254.37,1846.56,4.1,4794.16,0.2237069576478883
2021,April,Home Decor,East,187,12922.21,2964.94,4.5,4804.18,0.22944527290610509
2021,May,Electronics,South,447,71496.85,11096.69,1.7,1635.71,0.15520529925444268
2024,November,Fashion,South,112,10572.28,2728.5,2.2,366.46,0.25808056540311075
2022,February,Electronics,East,446,25163.26,3120.53,3.4,2431.53,0.12401135623921544
2023,September,Electronics,South,279,15821.76,2041.95,2.3,3384.95,0.12905959893210364
2023,March,Fashion,East,246,15765.11,2354.45,1.4,300.41,0.14934561192405252
2020,February,Groceries,West,110,11997.01,3498.84,3.2,1093.24,0.2916426676313515
2021,June,Electronics,South,70,3594.91,618.48,3.5,983.55,0.17204325003963938
2021,May,Beauty Products,East,20,1369.91,189.27,2.8,1962.8,0.13816236103101665
2020,January,Fashion,South,449,56818.54,9692.13,1.5,3724.84,0.17058041266107857
2022,February,Electronics,South,479,16441.85,2896.62,2.0,1107.77,0.17617360576820737
2022,January,Home Decor,South,405,49053.27,11913.65,2.3,332.64,0.24287167807569202
2022,March,Beauty Products,North,252,8354.28,1340.7,4.5,2805.16,0.1604806159238139
2020,July,Books,West,331,31062.79,7010.58,5.0,631.28,0.22569060924662593
2022,June,Beauty Products,North,340,52214.12,5405.44,1.7,2185.67,0.10352448724597867
2021,June,Electronics,North,423,70156.08,19156.34,4.7,3851.43,0.2730531694473237
2022,August,Beauty Products,West,224,22852.6,6079.32,1.3,4449.97,0.2660231220955165
2023,October,Groceries,West,447,70648.63,19048.48,1.1,2247.99,0.2696227796632433
2023,September,Books,North,242,36541.15,6162.95,4.3,1582.93,0.1686578008628628
2020,February,Groceries,East,282,12612.9,2641.73,3.0,1726.59,0.20944667760784594
2021,April,Home Decor,East,88,10126.44,1211.13,3.9,3718.84,0.11960076789078887
2024,December,Fashion,East,129,1530.12,321.76,3.4,4060.55,0.21028416071942072
2024,July,Electronics,North,160,16939.37,5065.13,2.2,4307.44,0.2990152526333624
2024,September,Beauty Products,North,91,1675.18,197.32,2.4,2055.08,0.11779032700963478
2024,December,Beauty Products,North,63,3116.57,476.05,1.5,4933.32,0.1527480531481725
2023,March,Groceries,East,229,43271.4,6865.69,2.8,4106.96,0.1586657700005084
2023,June,Beauty Products,West,213,4399.96,901.15,3.4,785.56,0.2048086800789098
2021,April,Home Decor,South,130,9120.84,1272.8,2.0,3046.41,0.13954855035281838
2021,June,Home Decor,West,476,78591.7,12718.8,2.9,4492.35,0.16183388322176515
2022,December,Home Decor,South,177,30058.31,7241.01,3.1,3396.89,0.24089877308471433
2021,October,Beauty Products,North,383,59103.1,15776.98,1.1,4524.01,0.2669399743837464
2022,September,Books,South,431,80026.24,23386.29,1.8,2650.31,0.2922327726505706
2022,August,Books,North,72,10857.07,3085.31,5.0,4024.08,0.2841751964388182
2021,February,Fashion,North,222,4723.0,1368.95,4.1,2746.57,0.2898475545204319
2023,January,Books,South,455,16452.67,2398.09,3.0,4081.2,0.14575688930732825
2020,October,Beauty Products,West,495,53666.98,9812.66,4.9,377.5,0.18284352873964585
2020,August,Electronics,North,432,81181.39,22546.17,4.0,2397.73,0.2777258433244368
2023,July,Beauty Products,East,80,10966.98,2345.83,1.4,3231.38,0.2138993597143425
2024,January,Fashion,South,296,12070.02,3259.79,1.9,3009.47,0.2700732890252046
2021,November,Home Decor,North,54,1572.48,384.1,2.4,2923.59,0.24426383801383802
2020,May,Home Decor,South,325,24612.1,5437.76,2.5,3909.31,0.22093848147862233
2021,January,Books,South,159,19596.4,1963.58,1.1,3095.4,0.1002010573370619
2021,December,Electronics,East,223,22206.9,6118.61,1.9,2506.19,0.27552742616033754
2020,June,Books,North,258,31732.9,6003.26,2.9,3228.76,0.18918094469777424
2023,June,Groceries,North,459,83634.84,14872.89,1.2,3684.24,0.17783127223056802
2022,December,Fashion,West,103,7125.27,2055.17,4.5,4496.49,0.2884339821508518
2024,May,Beauty Products,South,326,36484.87,8248.26,4.5,1580.65,0.22607343811283964
2023,May,Home Decor,South,321,17584.98,4336.5,1.1,1436.07,0.2466024982684086
2021,June,Groceries,South,442,19661.31,5149.16,2.2,4620.24,0.26189302747375426
2020,July,Groceries,East,198,3653.18,966.82,4.7,1039.8,0.26465161858983133
2021,November,Electronics,South,316,8828.05,1502.71,3.0,3783.22,0.17021992399227465
2023,May,Electronics,West,220,36700.75,10785.11,1.5,1781.23,0.2938662016443806
2021,May,Electronics,West,94,18204.63,5386.68,4.9,2546.97,0.29589615389052126
2021,October,Fashion,North,200,36459.34,10272.68,1.1,4603.26,0.28175715742523044
2023,January,Fashion,West,38,5606.14,1577.25,3.2,4788.84,0.2813433128676772
2024,October,Groceries,East,422,13513.47,2667.7,3.1,495.29,0.19741043566160282
2021,January,Electronics,North,85,14304.92,2047.38,2.1,370.55,0.14312418384723577
2024,May,Groceries,South,434,66941.72,14621.33,2.5,2944.75,0.21841879772434888
2021,October,Beauty Products,North,211,19643.44,2722.46,1.5,218.01,0.13859385117881595
